Spreadsheet Index Number (by citations),Email Doc Index Number (by name),AccessionNumber,doi,PubMedID,title,authors,source,citations,publicationDate,field,dataStatus,reasons,requirements
1,40,WOS:000278412800009,10.1016/j.jclinepi.2010.02.006,NA,"THE COSMIN STUDY REACHED INTERNATIONAL CONSENSUS ON TAXONOMY, TERMINOLOGY, AND DEFINITIONS OF MEASUREMENT PROPERTIES FOR HEALTH-RELATED PATIENT-REPORTED OUTCOMES","MOKKINK, LB;TERWEE, CB;PATRICK, DL;ALONSO, J;STRATFORD, PW;KNOL, DL;BOUTER, LM;DE VET, HCW",J CLIN EPIDEMIOL 63 (7): 737-745 JUL 2010,17834,2010,Non-medical,4,A B,NA
2,NA,WOS:000253098900001,10.1002/sim.2929,MEDLINE:17569110,EVALUATING THE ADDED PREDICTIVE ABILITY OF A NEW MARKER: FROM AREA UNDER THE ROC CURVE TO RECLASSIFICATION AND BEYOND,"PENCINA, MJ;DAGOSTINO, RB;DAGOSTINO, RB;VASAN, RS",STAT MED 27 (2): 157-172 JAN 30 2008,3193,2008,Medical,10,NA,NA
3,NA,WOS:000287106200008,10.1002/sim.4067,MEDLINE:21225900,MULTIPLE IMPUTATION USING CHAINED EQUATIONS: ISSUES AND GUIDANCE FOR PRACTICE,"WHITE, IR;ROYSTON, P;WOOD, AM",STAT MED 30 (4): 377-399 FEB 20 2011,1716,2011,Medical,10,NA,NA
4,NA,WOS:000285846700002,10.1002/sim.4085,MEDLINE:21204120,EXTENSIONS OF NET RECLASSIFICATION IMPROVEMENT CALCULATIONS TO MEASURE USEFULNESS OF NEW BIOMARKERS,"PENCINA, MJ;DAGOSTINO, RB;STEYERBERG, EW",STAT MED 30 (1): 11-21 JAN 15 2011,1075,2011,Medical,10,NA,NA
5,NA,WOS:000254469500015,10.1093/aje/kwm390,MEDLINE:18303006,"AMOUNT OF TIME SPENT IN SEDENTARY BEHAVIORS IN THE UNITED STATES, 2003-2004","MATTHEWS, CE;CHEN, KY;FREEDSON, PS;BUCHOWSKI, MS;BEECH, BM;PATE, RR;TROIANO, RP",AMER J EPIDEMIOL 167 (7): 875-881 APR 1 2008,1053,2008,Medical,0,NA,NA
6,54,WOS:000272872900023,10.1097/EDE.0b013e3181c30fb2,MEDLINE:20010215,ASSESSING THE PERFORMANCE OF PREDICTION MODELS A FRAMEWORK FOR TRADITIONAL AND NOVEL MEASURES,"STEYERBERG, EW;VICKERS, AJ;COOK, NR;GERDS, T;GONEN, M;OBUCHOWSKI, N;PENCINA, MJ;KATTAN, MW",EPIDEMIOLOGY 21 (1): 128-138 JAN 2010,1052,2010,Medical,8,NA,NA
7,53,WOS:000260317900002,10.1086/591861,MEDLINE:18947320,"ANTIMICROBIAL-RESISTANT PATHOGENS ASSOCIATED WITH HEALTHCARE-ASSOCIATED INFECTIONS: ANNUAL SUMMARY OF DATA REPORTED TO THE NATIONAL HEALTHCARE SAFETY NETWORK AT THE CENTERS FOR DISEASE CONTROL AND PREVENTION, 2006-2007","HIDRON, AI;EDWARDS, JR;PATEL, J;HORAN, TC;SIEVERT, DM;POLLOCK, DA;FRIDKIN, SK",INFECT CONTROL HOSP EPIDEMIOL 29 (11): 996-1011 NOV 2008,1039,2008,Medical,4,A D,NA
8,17,WOS:000269646100058,10.1377/hlthaff.28.5.w822,MEDLINE:19635784,ANNUAL MEDICAL SPENDING ATTRIBUTABLE TO OBESITY: PAYER- AND SERVICE-SPECIFIC ESTIMATES,"FINKELSTEIN, EA;TROGDON, JG;COHEN, JW;DIETZ, W",HEALTH AFFAIR 28 (5): W822-W831 SEP-OCT 2009,1015,2009,Medical,8,NA,NA
9,47,WOS:000318576300019,10.1093/aje/kws342,MEDLINE:23589584,INCREASED PREVALENCE OF SLEEP-DISORDERED BREATHING IN ADULTS,"PEPPARD, PE;YOUNG, T;BARNET, JH;PALTA, M;HAGEN, E;HLA, KM",AMER J EPIDEMIOL 177 (9): 1006-1014 MAY 1 2013,951,2013,Medical,9,NA,E F
10,NA,WOS:000297348200023,10.1007/s11136-011-9903-x,MEDLINE:21479777,DEVELOPMENT AND PRELIMINARY TESTING OF THE NEW FIVE-LEVEL VERSION OF EQ-5D (EQ-5D-5L),"HERDMAN, M;GUDEX, C;LLOYD, A;JANSSEN, MF;KIND, P;PARKIN, D;BONSEL, G;BADIA, X",QUAL LIFE RES 20 (10): 1727-1736 DEC 2011,925,2011,Medical,0,NA,NA
11,NA,WOS:000306373300005,10.1093/pan/mpr057,NA,EVALUATING ONLINE LABOR MARKETS FOR EXPERIMENTAL RESEARCH: AMAZON.COMS MECHANICAL TURK,"BERINSKY, AJ;HUBER, GA;LENZ, GS",POLIT ANAL 20 (3): 351-368 SUM 2012,854,2012,Non-medical,0,NA,NA
12,9,WOS:000282861600004,10.1016/j.jclinepi.2010.04.011,MEDLINE:20685078,THE PATIENT-REPORTED OUTCOMES MEASUREMENT INFORMATION SYSTEM (PROMIS) DEVELOPED AND TESTED ITS FIRST WAVE OF ADULT SELF-REPORTED HEALTH OUTCOME ITEM BANKS: 2005-2008,"CELLA, D;RILEY, W;STONE, A;ROTHROCK, N;REEVE, B;YOUNT, S;AMTMANN, D;BODE, R;BUYSSE, D;CHOI, S;COOK, K;DEVELLIS, R;DEWALT, D;FRIES, JF;GERSHON, R;HAHN, EA;LAI, JS;PILKONIS, P;REVICKI, D;ROSE, M;WEINFURT, K;HAYS, R",J CLIN EPIDEMIOL 63 (11): 1179-1194 NOV 2010,820,2010,Medical,8,NA,NA
13,40,WOS:000276512700013,10.1007/s11136-010-9606-8,MEDLINE:20169472,THE COSMIN CHECKLIST FOR ASSESSING THE METHODOLOGICAL QUALITY OF STUDIES ON MEASUREMENT PROPERTIES OF HEALTH STATUS MEASUREMENT INSTRUMENTS: AN INTERNATIONAL DELPHI STUDY,"MOKKINK, LB;TERWEE, CB;PATRICK, DL;ALONSO, J;STRATFORD, PW;KNOL, DL;BOUTER, LM;DE VET, HCW",QUAL LIFE RES 19 (4): 539-549 MAY 2010,802,2010,Medical,4,A B,NA
14,NA,WOS:000260555900009,10.1093/epirev/mxn002,MEDLINE:18653727,SUICIDE AND SUICIDAL BEHAVIOR,"NOCK, MK;BORGES, G;BROMET, EJ;CHA, CB;KESSLER, RC;LEE, S",EPIDEMIOLOGIC REV 30 (1): 133-154 NOV 1 2008,715,2008,Medical,10,NA,NA
15,10,WOS:000258959200015,10.1093/aje/kwn164,MEDLINE:18682488,CONSTRUCTING INVERSE PROBABILITY WEIGHTS FOR MARGINAL STRUCTURAL MODELS,"COLE, SR;HERNAN, MA",AMER J EPIDEMIOL 168 (6): 656-664 SEP 15 2008,700,2008,Medical,4,D,NA
16,56,WOS:000300480200011,,NA,CONSUMER ACCEPTANCE AND USE OF INFORMATION TECHNOLOGY: EXTENDING THE UNIFIED THEORY OF ACCEPTANCE AND USE OF TECHNOLOGY,"VENKATESH, V;THONG, JYL;XU, X",MIS QUART 36 (1): 157-178 MAR 2012,664,2012,Non-medical,5,NA,NA
17,50,WOS:000288274800009,10.1093/aje/kwq433,MEDLINE:21330339,UPDATING AND VALIDATING THE CHARLSON COMORBIDITY INDEX AND SCORE FOR RISK ADJUSTMENT IN HOSPITAL DISCHARGE ABSTRACTS USING DATA FROM 6 COUNTRIES,"QUAN, HD;LI, B;COURIS, CM;FUSHIMI, K;GRAHAM, P;HIDER, P;JANUEL, JM;SUNDARARAJAN, V",AMER J EPIDEMIOL 173 (6): 676-682 MAR 15 2011,647,2011,Medical,4,D,NA
18,NA,WOS:000263650300012,10.2307/20650284,NA,USING PLS PATH MODELING FOR ASSESSING HIERARCHICAL CONSTRUCT MODELS: GUIDELINES AND EMPIRICAL ILLUSTRATION,"WETZELS, M;ODEKERKEN-SCHRODER, G;VAN OPPEN, C",MIS QUART 33 (1): 177-195 MAR 2009,642,2009,Non-medical,0,NA,NA
19,53,WOS:000312018300001,10.1086/668770,MEDLINE:23221186,"ANTIMICROBIAL-RESISTANT PATHOGENS ASSOCIATED WITH HEALTHCARE-ASSOCIATED INFECTIONS: SUMMARY OF DATA REPORTED TO THE NATIONAL HEALTHCARE SAFETY NETWORK AT THE CENTERS FOR DISEASE CONTROL AND PREVENTION, 2009-2010","SIEVERT, DM;RICKS, P;EDWARDS, JR;SCHNEIDER, A;PATEL, J;SRINIVASAN, A;KALLEN, A;LIMBAGO, B;FRIDKIN, S",INFECT CONTROL HOSP EPIDEMIOL 34 (1): 1-14 JAN 2013,627,2013,Medical,4,A D,NA
20,NA,WOS:000281485600033,10.1126/science.1185231,MEDLINE:20813952,THE SPREAD OF BEHAVIOR IN AN ONLINE SOCIAL NETWORK EXPERIMENT,"CENTOLA, D",SCIENCE 329 (5996): 1194-1197 SEP 3 2010,618,2010,Medical,0,NA,NA
21,41,WOS:000270094800001,10.1080/10705510903008204,NA,EXPLORATORY STRUCTURAL EQUATION MODELING,"ASPAROUHOV, T;MUTHEN, B",STRUCT EQU MODELING 16 (3): 397-438 2009,610,2009,Non-medical,4,D,NA
22,49,WOS:000293558900001,10.1371/journal.pone.0017502,MEDLINE:21826193,"ESTIMATED HIV INCIDENCE IN THE UNITED STATES, 2006-2009","PREJEAN, J;SONG, RG;HERNANDEZ, A;ZIEBELL, R;GREEN, T;WALKER, F;LIN, LS;AN, Q;MERMIN, J;LANSKY, A;HALL, HI",PLOS ONE 6 (8): - AUG 3 2011,590,2011,Medical,4,A D,NA
23,37,WOS:000286433100032,10.1126/science.1199644,MEDLINE:21163965,QUANTITATIVE ANALYSIS OF CULTURE USING MILLIONS OF DIGITIZED BOOKS,"MICHEL, JB;SHEN, YK;AIDEN, AP;VERES, A;GRAY, MK;PICKETT, JP;HOIBERG, D;CLANCY, D;NORVIG, P;ORWANT, J;PINKER, S;NOWAK, MA;AIDEN, EL",SCIENCE 331 (6014): 176-182 JAN 14 2011,547,2011,Medical,8,NA,NA
24,NA,WOS:000264522000003,10.1017/S1368980008002401,MEDLINE:18498676,"WORLDWIDE PREVALENCE OF ANAEMIA, WHO VITAMIN AND MINERAL NUTRITION INFORMATION SYSTEM, 1993-2005","MCLEAN, E;COGSWELL, M;EGLI, I;WOIDYLA, D;DE BENOIST, B",PUBLIC HEALTH NUTR 12 (4): 444-454 APR 2009,539,2009,Medical,0,NA,NA
25,NA,WOS:000275989800004,10.1007/s11127-009-9491-2,NA,DEMOCRACY AND DICTATORSHIP REVISITED,"CHEIBUB, JA;GANDHI, J;VREELAND, JR",PUBLIC CHOICE 143 (1-2): 67-101 APR 2010,532,2010,Non-medical ,10,NA,NA
26,NA,WOS:000256458700001,10.1002/sim.3150,MEDLINE:18038446,A CRITICAL APPRAISAL OF PROPENSITY-SCORE MATCHING IN THE MEDICAL LITERATURE BETWEEN 1996 AND 2003,"AUSTIN, PC",STAT MED 27 (12): 2037-2049 MAY 30 2008,522,2008,Medical,0,NA,NA
27,30,WOS:000260191700015,10.1097/EDE.0b013e318187a7b0,MEDLINE:18854708,SELF-REPORTED AND MEASURED SLEEP DURATION HOW SIMILAR ARE THEY?,"LAUDERDALE, DS;KNUTSON, KL;YAN, LL;LIU, K;RATHOUZ, PJ",EPIDEMIOLOGY 19 (6): 838-845 NOV 2008,506,2008,Medical,4,D,NA
28,NA,WOS:000255558800018,10.2471/BLT.07.048769,MEDLINE:18545744,EPIDEMIOLOGY AND ETIOLOGY OF CHILDHOOD PNEUMONIA,"RUDAN, I;BOSCHI-PINTO, C;BILOGLAV, Z;MULHOLLAND, K;CAMPBELL, H",BULL WHO 86 (5): 408-416 MAY 2008,505,2008,Medical,0,NA,NA
29,NA,WOS:000311525500010,,NA,BUSINESS INTELLIGENCE AND ANALYTICS: FROM BIG DATA TO BIG IMPACT,"CHEN, HC;CHIANG, RHL;STOREY, VC",MIS QUART 36 (4): 1165-1188 DEC 2012,502,2012,Non-medical,0,NA,NA
30,NA,WOS:000268663100005,10.1111/j.1083-6101.2009.01474.x,NA,"IS THERE SOCIAL CAPITAL IN A SOCIAL NETWORK SITE?: FACEBOOK USE AND COLLEGE STUDENTS LIFE SATISFACTION, TRUST, AND PARTICIPATION","VALENZUELA, S;PARK, N;KEE, KF",J COMPUT-MEDIAT COMMUN 14 (4): 875-901 JUL 2009,500,2009,Non-medical,0,NA,NA
31,NA,WOS:000372171400003,10.1158/1055-9965.EPI-15-0578,MEDLINE:26667886,GLOBAL CANCER INCIDENCE AND MORTALITY RATES AND TRENDS-AN UPDATE,"TORRE, LA;SIEGEL, RL;WARD, EM;JEMAL, A",CANCER EPIDEM BIOMARKER PREV 25 (1): 16-27 JAN 2016,500,2016,Medical,0,NA,NA
32,NA,WOS:000263403300015,10.1093/aje/kwn359,MEDLINE:19126586,HARDY-WEINBERG EQUILIBRIUM TESTING OF BIOLOGICAL ASCERTAINMENT FOR MENDELIAN RANDOMIZATION STUDIES,"RODRIGUEZ, S;GAUNT, TR;DAY, INM",AMER J EPIDEMIOL 169 (4): 505-514 FEB 15 2009,494,2009,Medical,0,NA,NA
33,44,WOS:000279409000009,10.1016/j.socnet.2010.03.006,NA,NODE CENTRALITY IN WEIGHTED NETWORKS: GENERALIZING DEGREE AND SHORTEST PATHS,"OPSAHL, T;AGNEESSENS, F;SKVORETZ, J",SOC NETWORKS 32 (3): 245-251 JUL 2010,493,2010,Non-medical,8,NA,NA
34,NA,WOS:000272810000007,10.1177/1468794107085301,NA,NATURALISTIC INQUIRY AND THE SATURATION CONCEPT: A RESEARCH NOTE,"BOWEN, GA",QUAL RES 8 (1): 137-152 FEB 2008,487,2008,Non-medical,0,NA,NA
35,NA,WOS:000289641500001,10.1111/j.1533-8525.2011.01198.x,NA,"THE POLITICIZATION OF CLIMATE CHANGE AND POLARIZATION IN THE AMERICAN PUBLICS VIEWS OF GLOBAL WARMING, 2001-2010","MCCRIGHT, AM;DUNLAP, RE",SOCIOL QUART 52 (2): 155-194 SPR 2011,483,2011,Non-medical,0,NA,NA
36,NA,WOS:000253665200006,,MEDLINE:18388841,VALIDATION AND STANDARDIZATION OF THE GENERALIZED ANXIETY DISORDER SCREENER (GAD-7) IN THE GENERAL POPULATION,"LOWE, B;DECKER, O;MULLER, S;BRAHLER, E;SCHELLBERG, D;HERZOG, W;HERZBERG, PY",MED CARE 46 (3): 266-274 MAR 2008,473,2008,Medical,0,NA,NA
37,38,WOS:000307385900001,10.1186/1748-5908-7-37,MEDLINE:22530986,VALIDATION OF THE THEORETICAL DOMAINS FRAMEWORK FOR USE IN BEHAVIOUR CHANGE AND IMPLEMENTATION RESEARCH,"CANE, J;OCONNOR, D;MICHIE, S",IMPLEMENT SCI 7: - APR 24 2012,462,2012,Medical,4,E,NA
38,NA,WOS:000304340000001,10.1016/j.respol.2012.02.013,NA,SUSTAINABILITY TRANSITIONS: AN EMERGING FIELD OF RESEARCH AND ITS PROSPECTS,"MARKARD, J;RAVEN, R;TRUFFER, B",RES POLICY 41 (6): 955-967 JUL 2012,461,2012,Non-medical,0,NA,NA
39,39,WOS:000257100300016,10.2471/BLT.06.036673,MEDLINE:18568278,GLOBAL EPIDEMIOLOGY OF HAEMOGLOBIN DISORDERS AND DERIVED SERVICE INDICATORS,"MODELL, B;DARLISON, M",BULL WHO 86 (6): 480-487 JUN 2008,459,2008,Medical,8,NA,NA
40,4,WOS:000263715400011,10.1097/EDE.0b013e318190ee08,MEDLINE:19194300,"WEATHER-RELATED MORTALITY HOW HEAT, COLD, AND HEAT WAVES AFFECT MORTALITY IN THE UNITED STATES","ANDERSON, BG;BELL, ML",EPIDEMIOLOGY 20 (2): 205-213 MAR 2009,452,2009,Medical,4,A,NA
41,NA,WOS:000261003000001,10.1086/592412,MEDLINE:18973455,OUTCOMES OF CARBAPENEM-RESISTANT KLEBSIELLA PNEUMONIAE INFECTION AND THE IMPACT OF ANTIMICROBIAL AND ADJUNCTIVE THERAPIES,"PATEL, G;HUPRIKAR, S;FACTOR, SH;JENKINS, SG;CALFEE, DP",INFECT CONTROL HOSP EPIDEMIOL 29 (12): 1099-1106 DEC 2008,448,2008,Medical,0,NA,NA
42,12,WOS:000278943600001,10.1016/j.respol.2010.01.013,NA,HOW OPEN IS INNOVATION?,"DAHLANDER, L;GANN, DM",RES POLICY 39 (6): 699-709 JUL 2010,442,2010,Non-medical,1,NA,NA
43,8,WOS:000280363300001,10.1093/pan/mpq013,NA,BACK TO THE FUTURE: MODELING TIME DEPENDENCE IN BINARY DATA,"CARTER, DB;SIGNORINO, CS",POLIT ANAL 18 (3): 271-292 SUM 2010,441,2010,Non-medical,5,NA,NA
44,NA,WOS:000287517600008,10.1177/1461444810365313,NA,"I TWEET HONESTLY, I TWEET PASSIONATELY: TWITTER USERS, CONTEXT COLLAPSE, AND THE IMAGINED AUDIENCE","MARWICK, AE;BOYD, D",NEW MEDIA SOC 13 (1): 114-133 FEB 2011,436,2011,Non-medical,0,NA,NA
45,NA,WOS:000266754100006,10.1158/1055-9965.EPI-09-0090,MEDLINE:19505900,INTERNATIONAL TRENDS IN COLORECTAL CANCER INCIDENCE RATES,"CENTER, MM;JEMAL, A;WARD, E",CANCER EPIDEM BIOMARKER PREV 18 (6): 1688-1694 JUN 2009,434,2009,Medical,0,NA,NA
46,NA,WOS:000269632400036,10.1073/pnas.0900282106,MEDLINE:19706491,INFERRING FRIENDSHIP NETWORK STRUCTURE BY USING MOBILE PHONE DATA,"EAGLE, N;PENTLAND, A;LAZER, D",PROC NAT ACAD SCI USA 106 (36): 15274-15278 SEP 8 2009,432,2009,Medical,0,NA,NA
47,NA,WOS:000267842300002,10.15288/jsads.2009.s16.12,MEDLINE:19538908,"MAGNITUDE OF AND TRENDS IN ALCOHOL-RELATED MORTALITY AND MORBIDITY AMONG US COLLEGE STUDENTS AGES 18-24, 1998-2005","HINGSON, RW;ZHA, WX;WEITZMAN, ER",J STUD ALCOHOL DRUGS : 12-20 JUL 2009,428,2009,Medical,0,NA,NA
48,NA,WOS:000308635900042,10.1038/nature11421,MEDLINE:22972300,A 61-MILLION-PERSON EXPERIMENT IN SOCIAL INFLUENCE AND POLITICAL MOBILIZATION,"BOND, RM;FARISS, CJ;JONES, JJ;KRAMER, AI;MARLOW, C;SETTLE, JE;FOWLER, JH",NATURE 489 (7415): 295-298 SEP 13 2012,426,2012,Medical,0,NA,NA
49,NA,WOS:000262215900018,10.1016/j.enpol.2008.08.016,NA,WHEN WILL FOSSIL FUEL RESERVES BE DIMINISHED?,"SHAFIEE, S;TOPAL, E",ENERG POLICY 37 (1): 181-189 JAN 2009,407,2009,Non-medical,0,NA,NA
50,NA,WOS:000253658700007,10.1016/j.im.2007.11.001,NA,"ACCEPTANCE OF BLOG USAGE: THE ROLES OF TECHNOLOGY ACCEPTANCE, SOCIAL INFLUENCE AND KNOWLEDGE SHARING MOTIVATION","HSU, CL;LIN, JCC",INFORM MANAGEMENT 45 (1): 65-74 JAN 2008,402,2008,Non-medical,0,NA,NA
51,NA,WOS:000289165800008,10.1093/ije/dyp394,MEDLINE:20167617,COHORT PROFILE: THE STUDY OF HEALTH IN POMERANIA,"VOLZKE, H;ALTE, D;SCHMIDT, CO;RADKE, D;LORBEER, R;FRIEDRICH, N;AUMANN, N;LAU, K;PIONTEK, M;BORN, G;HAVEMANN, C;ITTERMANN, T;SCHIPF, S;HARING, R;BAUMEISTER, SE;WALLASCHOFSKI, H;NAUCK, M;FRICK, S;ARNOLD, A;JUNGER, M;MAYERLE, J;KRAFT, M;LERCH, MM;DORR, M;REFFELMANN, T;EMPEN, K;FELIX, SB;OBST, A;KOCH, B;GLASER, S;EWERT, R;FIETZE, I;PENZEL, T;DOREN, M;RATHMANN, W;HAERTING, J;HANNEMANN, M;ROPCKE, J;SCHMINKE, U;JURGENS, C;TOST, F;RETTIG, R;KORS, JA;UNGERER, S;HEGENSCHEID, K;KUHN, JP;KUHN, J;HOSTEN, N;PULS, R;HENKE, J;GLOGER, O;TEUMER, A;HOMUTH, G;VOLKER, U;SCHWAHN, C;HOLTFRETER, B;POLZER, I;KOHLMANN, T;GRABE, HJ;ROSSKOPF, D;KROEMER, HK;KOCHER, T;BIFFAR, R;JOHN, U;HOFFMANN, W",INT J EPIDEMIOL 40 (2): 294-307 APR 2011,399,2011,Medical,10,NA,NA
52,NA,WOS:000255026100034,10.1126/science.1154137,MEDLINE:18420927,THE GLOBAL CIRCULATION OF SEASONAL INFLUENZA A (H3N2) VIRUSES,"RUSSELL, CA;JONES, TC;BARR, IG;COX, NJ;GARTEN, RJ;GREGORY, V;GUST, ID;HAMPSON, AW;HAY, AJ;HURT, AC;DE JONG, JC;KELSO, A;KLIMOV, AI;KAGEYAMA, T;KOMADINA, N;LAPEDES, AS;LIN, YP;MOSTERIN, A;OBUCHI, M;ODAGIRI, T;OSTERHAUS, ADME;RIMMELZWAAN, GF;SHAW, MW;SKEPNER, E;STOHR, K;TASHIRO, M;FOUCHIER, RAM;SMITH, DJ",SCIENCE 320 (5874): 340-346 APR 18 2008,398,2008,Medical,0,NA,NA
53,NA,WOS:000257080400004,10.1080/01441640701806612,NA,"MAKING CYCLING IRRESISTIBLE: LESSONS FROM THE NETHERLANDS, DENMARK AND GERMANY","PUCHER, J;BUEHLER, R",TRANSP REV 28 (4): 495-528 2008,397,2008,Non-medical,0,NA,NA
54,NA,WOS:000264226100015,10.1158/1055-9965.EPI-08-0960,MEDLINE:19240234,"RISING THYROID CANCER INCIDENCE IN THE UNITED STATES BY DEMOGRAPHIC AND TUMOR CHARACTERISTICS, 1980-2005","ENEWOLD, L;ZHU, KM;RON, E;MARROGI, AJ;STOJADINOVIC, A;PEOPLES, GE;DEVESA, SS",CANCER EPIDEM BIOMARKER PREV 18 (3): 784-791 MAR 2009,393,2009,Medical,10,NA,NA
55,NA,WOS:000277351400008,10.1002/sim.3841,MEDLINE:20087875,DOSE-RESPONSE ANALYSES USING RESTRICTED CUBIC SPLINE FUNCTIONS IN PUBLIC HEALTH RESEARCH,"DESQUILBET, L;MARIOTTI, F",STAT MED 29 (9): 1037-1057 APR 30 2010,393,2010,Medical,10,NA,NA
56,NA,WOS:000255600900009,10.1016/j.socscimed.2008.01.030,MEDLINE:18316146,IS WELL-BEING U-SHAPED OVER THE LIFE CYCLE?,"BLANCHFLOWER, DG;OSWALD, AJ",SOC SCI MED 66 (8): 1733-1749 APR 2008,390,2008,Medical,0,NA,NA
57,NA,WOS:000275074600009,,NA,WHAT MAKES A HELPFUL ONLINE REVIEW? A STUDY OF CUSTOMER REVIEWS ON AMAZON.COM,"MUDAMBI, SM;SCHUFF, D",MIS QUART 34 (1): 185-200 MAR 2010,389,2010,Non-medical,0,NA,NA
58,23,WOS:000288971100014,10.1016/j.enpol.2010.11.040,NA,"PROVIDING ALL GLOBAL ENERGY WITH WIND, WATER, AND SOLAR POWER, PART I: TECHNOLOGIES, ENERGY RESOURCES, QUANTITIES AND AREAS OF INFRASTRUCTURE, AND MATERIALS","JACOBSON, MZ;DELUCCHI, MA",ENERG POLICY 39 (3): 1154-1169 MAR 2011,388,2011,Non-medical,8,NA,NA
59,NA,WOS:000255205900003,10.1177/0049124108314720,MEDLINE:19756246,AN EMPIRICAL EVALUATION OF THE USE OF FIXED CUTOFF POINTS IN RMSEA TEST STATISTIC IN STRUCTURAL EQUATION MODELS,"CHEN, FN;CURRAN, PJ;BOLLEN, KA;KIRBY, J;PAXTON, P",SOCIOL METHOD RES 36 (4): 462-494 MAY 2008,387,2008,Medical,0,NA,NA
60,NA,WOS:000304090900003,10.1016/j.amepre.2011.10.026,MEDLINE:22608371,OBESITY AND SEVERE OBESITY FORECASTS THROUGH 2030,"FINKELSTEIN, EA;KHAVJOU, OA;THOMPSON, H;TROGDON, JG;PAN, LP;SHERRY, B;DIETZ, W",AMER J PREV MED 42 (6): 563-570 JUN 2012,386,2012,Medical,0,NA,NA
61,NA,WOS:000256676200003,10.1177/1461444808089415,NA,"TAKING RISKY OPPORTUNITIES IN YOUTHFUL CONTENT CREATION: TEENAGERS USE OF SOCIAL NETWORKING SITES FOR INTIMACY, PRIVACY AND SELF-EXPRESSION","LIVINGSTONE, S",NEW MEDIA SOC 10 (3): 393-411 JUN 2008,376,2008,Non-medical,0,NA,NA
62,52,WOS:000267065500007,10.1097/EDE.0b013e3181a663cc,MEDLINE:19487948,HIGH-DIMENSIONAL PROPENSITY SCORE ADJUSTMENT IN STUDIES OF TREATMENT EFFECTS USING HEALTH CARE CLAIMS DATA,"SCHNEEWEISS, S;RASSEN, JA;GLYNN, RJ;AVORN, J;MOGUN, H;BROOKHART, MA",EPIDEMIOLOGY 20 (4): 512-522 JUL 2009,375,2009,Medical,4,A D,NA
63,NA,WOS:000272921000003,10.1016/j.tourman.2009.02.016,NA,ROLE OF SOCIAL MEDIA IN ONLINE TRAVEL INFORMATION SEARCH,"XIANG, Z;GRETZEL, U",TOURISM MANAGE 31 (2): 179-188 APR 2010,374,2010,Non-medical,0,NA,NA
64,25,WOS:000271199600001,10.1002/asi.21149,NA,TWITTER POWER: TWEETS AS ELECTRONIC WORD OF MOUTH,"JANSEN, BJ;ZHANG, MM;SOBEL, K;CHOWDURY, A",J AM SOC INF SCI TECHNOL 60 (11): 2169-2188 NOV 2009,368,2009,Non-medical,4,E,NA
65,NA,WOS:000264611600002,10.1111/j.1460-2466.2008.01402.x,NA,"RED MEDIA, BLUE MEDIA: EVIDENCE OF IDEOLOGICAL SELECTIVITY IN MEDIA USE","IYENGAR, S;HAHN, KS",J COMMUN 59 (1): 19-U6 MAR 2009,367,2009,Non-medical,0,NA,NA
66,NA,WOS:000288681000001,10.1080/13669877.2010.511246,NA,CULTURAL COGNITION OF SCIENTIFIC CONSENSUS,"KAHAN, DM;JENKINS-SMITH, H;BRAMAN, D",J RISK RES 14 (2): 147-174 2011,360,2011,Non-medical,0,NA,NA
67,NA,WOS:000255882500007,10.1080/00336297.2008.10483582,NA,A DEVELOPMENTAL PERSPECTIVE ON THE ROLE OF MOTOR SKILL COMPETENCE IN PHYSICAL ACTIVITY: AN EMERGENT RELATIONSHIP,"STODDEN, DF;GOODWAY, JD;LANGENDORFER, SJ;ROBERTON, MA;RUDISILL, ME;GARCIA, C;GARCIA, LE",QUEST 60 (2): 290-306 MAY 2008,357,2008,Non-medical,0,NA,NA
68,28,WOS:000272689000002,10.1093/poq/nfp075,NA,NATIONAL SURVEYS VIA RDD TELEPHONE INTERVIEWING VERSUS THE INTERNET,"CHANG, L;KROSNICK, JA",PUBLIC OPIN QUART 73 (4): 641-678 WIN 2009,354,2009,Non-medical,0,NA,NA
69,NA,WOS:000253601200002,10.1016/j.tranpol.2007.10.005,NA,THE SUSTAINABLE MOBILITY PARADIGM,"BANISTER, D",TRANSP POLICY 15 (2): 73-80 MAR 2008,351,2008,Non-medical,0,NA,NA
70,NA,WOS:000263942700038,10.1016/j.enpol.2008.11.012,NA,"AN ECONOMETRIC STUDY OF CO(2) EMISSIONS, ENERGY CONSUMPTION, INCOME AND FOREIGN TRADE IN TURKEY","HALICIOGLU, F",ENERG POLICY 37 (3): 1156-1164 MAR 2009,346,2009,Non-medical,0,NA,NA
71,NA,WOS:000259723200004,10.1287/isre.1080.0193,NA,EXAMINING THE RELATIONSHIP BETWEEN REVIEWS AND SALES: THE ROLE OF REVIEWER IDENTITY DISCLOSURE IN ELECTRONIC MARKETS,"FORMAN, C;GHOSE, A;WIESENFELD, B",INF SYSTEMS RES 19 (3): 291-313 SEP 2008,341,2008,Non-medical,0,NA,NA
72,NA,WOS:000277182600002,10.1007/s11205-009-9493-y,NA,NEW WELL-BEING MEASURES: SHORT SCALES TO ASSESS FLOURISHING AND POSITIVE AND NEGATIVE FEELINGS,"DIENER, E;WIRTZ, D;TOV, W;KIM-PRIETO, C;CHOI, DW;OISHI, S;BISWAS-DIENER, R",SOC INDIC RES 97 (2): 143-156 JUN 2010,327,2010,Non-medical,0,NA,NA
73,NA,WOS:000294490500002,10.1177/1461444810385389,NA,CONNECTION STRATEGIES: SOCIAL CAPITAL IMPLICATIONS OF FACEBOOK-ENABLED COMMUNICATION PRACTICES,"ELLISON, NB;STEINFIELD, C;LAMPE, C",NEW MEDIA SOC 13 (6): 873-892 SEP 2011,306,2011,Non-medical,0,NA,NA
74,22,WOS:000253182900004,10.1016/j.ecresq.2007.05.002,NA,READY TO LEARN? CHILDRENS PRE-ACADEMIC ACHIEVEMENT IN PRE-KINDERGARTEN PROGRAMS,"HOWES, C;BURCHINAL, M;PIANTA, R;BRYANT, D;EARLY, D;CLIFFORD, R;ARBARIN, OB",EARLY CHILDHOOD RES QUARTERLY 23 (1): 27-50 2008,302,2008,Non-medical,8,NA,NA
75,20,WOS:000253697800003,10.1017/S000305540808009X,NA,SOCIAL PRESSURE AND VOTER TURNOUT: EVIDENCE FROM A LARGE-SCALE FIELD EXPERIMENT,"GERBER, AS;GREEN, DP;LARIMER, CW",AMER POLIT SCI REV 102 (1): 33-48 FEB 2008,300,2008,Non-medical,8,NA,NA
76,34,dat,10.1016/j.enpol.2008.06.007,NA,INTEGRATION OF RENEWABLE ENERGY INTO THE TRANSPORT AND ELECTRICITY SECTORS THROUGH V2G,"LUND, H;KEMPTON, W",ENERG POLICY 36 (9): 3578-3587 SEP 2008,298,2008,Non-medical,1,NA,NA
77,43,WOS:000277245400007,10.1007/s11109-010-9112-2,NA,WHEN CORRECTIONS FAIL: THE PERSISTENCE OF POLITICAL MISPERCEPTIONS,"NYHAN, B;REIFLER, J",POLIT BEHAV 32 (2): 303-330 JUN 2010,298,2010,Non-medical,1,NA,NA
78,32,WOS:000252742600013,10.1111/j.1540-5907.2007.00307.x,NA,TAKING TIME SERIOUSLY,"DE BOEF, S;KEELE, L",AMER J POLIT SCI 52 (1): 184-200 JAN 2008,295,2008,Non-medical,1,NA,NA
79,NA,WOS:000281366500008,10.1068/b35097,NA,HOW GOOD IS VOLUNTEERED GEOGRAPHICAL INFORMATION? A COMPARATIVE STUDY OF OPENSTREETMAP AND ORDNANCE SURVEY DATASETS,"HAKLAY, M",ENVIRON PLAN B-PLAN DESIGN 37 (4): 682-703 JUL 2010,287,2010,Non-medical,0,NA,NA
80,NA,WOS:000373429000032,10.2105/AJPH.2015.303003,MEDLINE:26691115,ELEVATED BLOOD LEAD LEVELS IN CHILDREN ASSOCIATED WITH THE FLINT DRINKING WATER CRISIS: A SPATIAL ANALYSIS OF RISK AND PUBLIC HEALTH RESPONSE,"HANNA-ATTISHA, M;LACHANCE, J;SADLER, RC;SCHNEPP, AC",AMER J PUBLIC HEALTH 106 (2): 283-290 FEB 2016,181,2016,Medical,0,NA,NA
81,51,WOS:000394634500015,10.1016/j.gloenvcha.2016.05.009,NA,"THE SHARED SOCIOECONOMIC PATHWAYS AND THEIR ENERGY, LAND USE, AND GREENHOUSE GAS EMISSIONS IMPLICATIONS: AN OVERVIEW","RIAHI, K;VAN VUUREN, DP;KRIEGLER, E;EDMONDS, J;ONEILL, BC;FUJIMORI, S;BAUER, N;CALVIN, K;DELLINK, R;FRICKO, O;LUTZ, W;POPP, A;CUARESMA, JC;SAMIR, KC;LEIMBACH, M;JIANG, LW;KRAM, T;RAO, S;EMMERLING, J;EBI, K;HASEGAWA, T;HAVLIK, P;HUMPENODER, F;DA SILVA, LA;SMITH, S;STEHFEST, E;BOSETTI, V;EOM, J;GERNAAT, D;MASUI, T;ROGELJ, J;STREFLER, J;DROUET, L;KREY, V;LUDERER, G;HARMSEN, M;TAKAHASHI, K;BAUMSTARK, L;DOELMAN, JC;KAINUMA, M;KLIMONT, Z;MARANGONI, G;LOTZE-CAMPEN, H;OBERSTEINER, M;TABEAU, A;TAVONI, M",GLOBAL ENVIRON CHANGE 42: 153-168 JAN 2017,146,2017,Non-medical,10,NA,NA
82,21,WOS:000368512900002,10.1136/injuryprev-2015-041616,MEDLINE:26635210,"THE GLOBAL BURDEN OF INJURY: INCIDENCE, MORTALITY, DISABILITY-ADJUSTED LIFE YEARS AND TIME TRENDS FROM THE GLOBAL BURDEN OF DISEASE STUDY 2013","HAAGSMA, JA;GRAETZ, N;BOLLIGER, I;NAGHAVI, M;HIGASHI, H;MULLANY, EC;ABERA, SF;ABRAHAM, JP;ADOFO, K;ALSHARIF, U;AMEH, EA;AMMAR, W;ANTONIO, CAT;BARRERO, LH;BEKELE, T;BOSE, D;BRAZINOVA, A;CATALA-LOPEZ, F;DANDONA, L;DANDONA, R;DARGAN, PI;DE LEO, D;DEGENHARDT, L;DERRETT, S;DHARMARATNE, SD;DRISCOLL, TR;DUAN, L;ERMAKOV, SP;FARZADFAR, F;FEIGIN, VL;FRANKLIN, RC;GABBE, B;GOSSELIN, RA;HAFEZI-NEJAD, N;HAMADEH, RR;HIJAR, M;HU, GQ;JAYARAMAN, SP;JIANG, GH;KHADER, YS;KHAN, EA;KRISHNASWAMI, S;KULKARNI, C;LECKY, FE;LEUNG, R;LUNEVICIUS, R;LYONS, RA;MAJDAN, M;MASON-JONES, AJ;MATZOPOULOS, R;MEANEY, PA;MEKONNEN, W;MILLER, TR;MOCK, CN;NORMAN, RE;OROZCO, R;POLINDER, S;POURMALEK, F;RAHIMI-MOVAGHAR, V;REFAAT, A;ROJAS-RUEDA, D;ROY, N;SCHWEBEL, DC;SHAHEEN, A;SHAHRAZ, S;SKIRBEKK, V;SOREIDE, K;SOSHNIKOV, S;STEIN, DJ;SYKES, BL;TABB, KM;TEMESGEN, AM;TENKORANG, EY;THEADOM, AM;TRAN, BX;VASANKARI, TJ;VAVILALA, MS;VLASSOV, VV;WOLDEYOHANNES, SM;YIP, P;YONEMOTO, N;YOUNIS, MZ;YU, CH;MURRAY, CJL;VOS, T",INJ PREV 22 (1): 3-18 FEB 2016,132,2016,Medical,0,NA,NA
83,55,WOS:000403967500001,10.1186/s12966-017-0525-8,MEDLINE:28599680,SEDENTARY BEHAVIOR RESEARCH NETWORK (SBRN) - TERMINOLOGY CONSENSUS PROJECT PROCESS AND OUTCOME,"TREMBLAY, MS;AUBERT, S;BARNES, JD;SAUNDERS, TJ;CARSON, V;LATIMER-CHEUNG, AE;CHASTIN, SFM;ALTENBURG, TM;CHINAPAW, MJM",INT J BEHAV NUTR PHYS ACT 14: - JUN 10 2017,130,2017,Medical,4,A,NA
84,NA,WOS:000385960900003,10.1177/1049732315617444,NA,SAMPLE SIZE IN QUALITATIVE INTERVIEW STUDIES: GUIDED BY INFORMATION POWER,"MALTERUD, K;SIERSMA, VD;GUASSORA, AD",QUAL HEALTH RES 26 (13): 1753-1760 SP. ISS. SI NOV 2016,128,2016,Non-medical,0,NA,NA
85,NA,WOS:000383602000001,10.1002/asi.23552,NA,THE SHARING ECONOMY: WHY PEOPLE PARTICIPATE IN COLLABORATIVE CONSUMPTION,"HAMARI, J;SJOKLINT, M;UKKONEN, A",J ASSOC INF SCI TECHNOL 67 (9): 2047-2059 SEP 2016,126,2016,Non-medical,0,NA,NA
86,NA,WOS:000402996000015,10.1093/ije/dyv319,MEDLINE:26822938,"COHORT PROFILE: THE NATIONAL HEALTH INSURANCE SERVICE-NATIONAL SAMPLE COHORT (NHIS-NSC), SOUTH KOREA","LEE, J;LEE, JS;PARK, SH;SHIN, SA;KIM, K",INT J EPIDEMIOL 46 (2): - APR 2017,107,2017,Medical,10,NA,NA
87,29,WOS:000386404400004,10.1017/ice.2016.174,MEDLINE:27573805,"ANTIMICROBIAL-RESISTANT PATHOGENS ASSOCIATED WITH HEALTHCARE-ASSOCIATED INFECTIONS: SUMMARY OF DATA REPORTED TO THE NATIONAL HEALTHCARE SAFETY NETWORK AT THE CENTERS FOR DISEASE CONTROL AND PREVENTION, 2011-2014","WEINER, LM;WEBB, AK;LIMBAGO, B;DUDECK, MA;PATEL, J;KALLEN, AJ;EDWARDS, JR;SIEVERT, DM",INFECT CONTROL HOSP EPIDEMIOL 37 (11): 1288-1301 NOV 2016,104,2016,Medical,8,NA,NA
88,NA,WOS:000402724100044,10.1093/ije/dyw098,MEDLINE:27283160,INTERRUPTED TIME SERIES REGRESSION FOR THE EVALUATION OF PUBLIC HEALTH INTERVENTIONS: A TUTORIAL,"BERNAL, JL;CUMMINS, S;GASPARRINI, A",INT J EPIDEMIOL 46 (1): 348-355 FEB 2017,100,2017,Medical,10,NA,NA
89,36,WOS:000376660300013,10.1093/ije/dyw029,MEDLINE:27063603,COHORT PROFILE UPDATE: THE NORWEGIAN MOTHER AND CHILD COHORT STUDY (MOBA),"MAGNUS, P;BIRKE, C;VEJRUP, K;HAUGAN, A;ALSAKER, E;DALTVEIT, AK;HANDAL, M;HAUGEN, M;HOISETH, G;KNUDSEN, GP;PALTIEL, L;SCHREUDER, P;TAMBS, K;VOLD, L;STOLTENBERG, C",INT J EPIDEMIOL 45 (2): 382-388 APR 2016,96,2016,Medical,9,NA,B D E G H
90,NA,WOS:000368075800012,10.1007/s11192-015-1765-5,NA,THE JOURNAL COVERAGE OF WEB OF SCIENCE AND SCOPUS: A COMPARATIVE ANALYSIS,"MONGEON, P;PAUL-HUS, A",SCIENTOMETRICS 106 (1): 213-228 JAN 2016,94,2016,Non-medical,0,NA,NA
91,NA,WOS:000380072700003,10.1158/1055-9965.EPI-16-0133,MEDLINE:27371756,ANTICIPATING THE SILVER TSUNAMI : PREVALENCE TRAJECTORIES AND COMORBIDITY BURDEN AMONG OLDER CANCER SURVIVORS IN THE UNITED STATES,"BLUETHMANN, SM;MARIOTTO, AB;ROWLAND, JH",CANCER EPIDEM BIOMARKER PREV 25 (7): 1029-1036 JUL 2016,86,2016,Medical,0,NA,NA
92,NA,WOS:000383999900003,,MEDLINE:27623005,"THE ECONOMIC BURDEN OF PRESCRIPTION OPIOID OVERDOSE, ABUSE, AND DEPENDENCE IN THE UNITED STATES, 2013","FLORENCE, CS;ZHOU, C;LUO, FJ;XU, LK",MED CARE 54 (10): 901-906 OCT 2016,85,2016,Medical,0,NA,NA
93,NA,WOS:000383934100011,10.1016/j.jsr.2016.05.001,MEDLINE:27620939,THE DIRECT COSTS OF FATAL AND NON-FATAL FALLS AMONG OLDER ADULTS - UNITED STATES,"BURNS, ER;STEVENS, JA;LEE, R",J SAFETY RES 58: 99-103 SEP 2016,83,2016,Medical,0,NA,NA
94,18,WOS:000371943800012,10.1016/j.respol.2016.01.015,NA,THE ENACTMENT OF SOCIO-TECHNICAL TRANSITION PATHWAYS: A REFORMULATED TYPOLOGY AND A COMPARATIVE MULTI-LEVEL ANALYSIS OF THE GERMAN AND UK LOW-CARBON ELECTRICITY TRANSITIONS (1990-2014),"GEELS, FW;KERN, F;FUCHS, G;HINDERER, N;KUNGL, G;MYLAN, J;NEUKIRCH, M;WASSERMANN, S",RES POLICY 45 (4): 896-913 MAY 2016,83,2016,Non-medical,1,NA,NA
95,NA,WOS:000375913000013,10.2105/AJPH.2016.303115,MEDLINE:26959258,INITIAL DESCRIPTION OF THE PRESUMED CONGENITAL ZIKA SYNDROME,"MIRANDA, DD;MARTELLI, CMT;XIMENES, RAD;ARAUJO, TVB;ROCHA, MAW;RAMOS, RCF;DHALIA, R;FRANCA, RFD;MARQUES, ETD;RODRIGUES, LC",AMER J PUBLIC HEALTH 106 (4): 598-600 APR 2016,80,2016,Medical,0,NA,NA
96,NA,WOS:000394634500017,10.1016/j.gloenvcha.2014.06.004,MEDLINE:28239237,"THE HUMAN CORE OF THE SHARED SOCIOECONOMIC PATHWAYS: POPULATION SCENARIOS BY AGE, SEX AND LEVEL OF EDUCATION FOR ALL COUNTRIES TO 2100","SAMIR, KC;LUTZ, W",GLOBAL ENVIRON CHANGE 42: 181-192 JAN 2017,74,2017,Medical,0,NA,NA
97,NA,WOS:000366617800001,10.1016/j.ijheh.2015.08.004,MEDLINE:26412400,BROMINATED FLAME RETARDANTS - EXPOSURE AND RISK ASSESSMENT FOR THE GENERAL POPULATION,"FROMME, H;BECHER, G;HILGER, B;VOLKEL, W",INT J HYG ENVIRON HEALTH 219 (1): 1-23 JAN 2016,74,2016,Medical,0,NA,NA
98,35,WOS:000388076500054,10.2105/AJPH.2016.303362,MEDLINE:27552267,IMPACT OF THE BERKELEY EXCISE TAX ON SUGAR-SWEETENED BEVERAGE CONSUMPTION,"FALBE, J;THOMPSON, HR;BECKER, CM;ROJAS, N;MCCULLOCH, CE;MADSEN, KA",AMER J PUBLIC HEALTH 106 (10): 1865-1871 OCT 2016,74,2016,Medical,4,F,NA
99,NA,WOS:000367396300010,10.1080/10705511.2014.961800,NA,A BIFACTOR EXPLORATORY STRUCTURAL EQUATION MODELING FRAMEWORK FOR THE IDENTIFICATION OF DISTINCT SOURCES OF CONSTRUCT-RELEVANT PSYCHOMETRIC MULTIDIMENSIONALITY,"MORIN, AJS;ARENS, AK;MARSH, HW",STRUCT EQU MODELING 23 (1): 116-139 JAN 2 2016,74,2016,Non-medical,10,NA,NA
100,NA,WOS:000390743900022,10.1016/j.techfore.2016.08.019,NA,THE FUTURE OF EMPLOYMENT: HOW SUSCEPTIBLE ARE JOBS TO COMPUTERISATION?,"FREY, CB;OSBORNE, MA",TECHNOL FORECAST SOC CHANGE 114: 254-280 JAN 2017,73,2017,Non-medical,0,NA,NA
101,48,WOS:000394634500028,10.1016/j.gloenvcha.2016.10.002,NA,LAND-USE FUTURES IN THE SHARED SOCIO-ECONOMIC PATHWAYS,"POPP, A;CALVIN, K;FUJIMORI, S;HAVLIK, P;HUMPENODER, F;STEHFEST, E;BODIRSKY, BL;DIETRICH, JP;DOELMANN, JC;GUSTI, M;HASEGAWA, T;KYLE, P;OBERSTEINER, M;TABEAU, A;TAKAHASHI, K;VALIN, H;WALDHOFF, S;WEINDL, I;WISE, M;KRIEGLER, E;LOTZE-CAMPEN, H;FRICKO, O;RIAHI, K;VAN VUUREN, DP",GLOBAL ENVIRON CHANGE 42: 331-345 JAN 2017,72,2017,Non-medical,0,NA,NA
102,26,WOS:000374479000002,10.1093/esr/jcv059,NA,MULTILEVEL MODELLING OF COUNTRY EFFECTS: A CAUTIONARY TALE,"BRYAN, ML;JENKINS, SP",EUR SOCIOL REV 32 (1): 3-22 FEB 2016,70,2016,Non-medical,9,NA,B E G H
103,58,WOS:000391439000013,10.1136/tobaccocontrol-2015-052705,MEDLINE:26811353,LONGITUDINAL STUDY OF E-CIGARETTE USE AND ONSET OF CIGARETTE SMOKING AMONG HIGH SCHOOL STUDENTS IN HAWAII,"WILLS, TA;KNIGHT, R;SARGENT, JD;GIBBONS, FX;PAGANO, I;WILLIAMS, RJ",TOB CONTROL 26 (1): 34-39 JAN 2017,69,2017,Medical,3,NA,NA
104,NA,WOS:000367550000003,10.1002/wcc.380,NA,ATTRIBUTION OF EXTREME WEATHER AND CLIMATE-RELATED EVENTS,"STOTT, PA;CHRISTIDIS, N;OTTO, FEL;SUN, Y;VANDERLINDEN, JP;VAN OLDENBORGH, GJ;VAUTARD, R;VON STORCH, H;WALTON, P;YIOU, P;ZWIERS, FW",WILEY INTERDISCIP REV-CLIM CH 7 (1): 23-41 JAN-FEB 2016,67,2016,Non-medical,0,NA,NA
105,NA,WOS:000367484100016,10.1016/j.respol.2015.09.008,NA,CREATIVE DESTRUCTION OR MERE NICHE SUPPORT? INNOVATION POLICY MIXES FOR SUSTAINABILITY TRANSITIONS,"KIVIMAA, P;KERN, F",RES POLICY 45 (1): 205-217 FEB 2016,67,2016,Non-medical,0,NA,NA
106,NA,WOS:000370100300004,10.1016/j.landurbplan.2015.11.011,NA,DEFINING URBAN RESILIENCE: A REVIEW,"MEEROW, S;NEWELL, JP;STULTS, M",LANDSCAPE URBAN PLAN 147: 38-49 MAR 2016,66,2016,Non-medical,0,NA,NA
107,46,WOS:000384801400025,10.1377/hlthaff.2015.1496,MEDLINE:27335101,IMPLEMENTATION OF PRESCRIPTION DRUG MONITORING PROGRAMS ASSOCIATED WITH REDUCTIONS IN OPIOID-RELATED DEATH RATES,"PATRICK, SW;FRY, CE;JONES, TF;BUNTIN, MB",HEALTH AFFAIR 35 (7): 1324-1332 JUL 2016,66,2016,Medical,10,NA,NA
108,14,WOS:000376350700029,10.1093/ntr/ntv237,MEDLINE:26525063,PATTERNS OF ELECTRONIC CIGARETTE USE AMONG ADULTS IN THE UNITED STATES,"DELNEVO, CD;GIOVENCO, DP;STEINBERG, MB;VILLANTI, AC;PEARSON, JL;NIAURA, RS;ABRAMS, DB",NICOTINE TOB RES 18 (5): 715-719 MAY 2016,66,2016,Medical,8,NA,NA
109,NA,WOS:000366766400003,10.1016/j.landurbplan.2015.10.001,NA,"THE RAPID AND MASSIVE URBAN AND INDUSTRIAL LAND EXPANSIONS IN CHINA BETWEEN 1990 AND 2010: A CLUD-BASED ANALYSIS OF THEIR TRAJECTORIES, PATTERNS, AND DRIVERS","KUANG, WH;LIU, JY;DONG, JW;CHI, WF;ZHANG, C",LANDSCAPE URBAN PLAN 145: 21-33 JAN 2016,65,2016,Non-medical,0,NA,NA
110,NA,WOS:000376054300007,10.1016/j.tourman.2016.01.013,NA,TRUST AND REPUTATION IN THE SHARING ECONOMY: THE ROLE OF PERSONAL PHOTOS IN AIRBNB,"ERT, E;FLEISCHER, A;MAGEN, N",TOURISM MANAGE 55: 62-73 AUG 2016,64,2016,Non-medical,0,NA,NA
111,NA,WOS:000368458800044,10.1073/pnas.1511085112,MEDLINE:26729882,SOCIAL RELATIONSHIPS AND PHYSIOLOGICAL DETERMINANTS OF LONGEVITY ACROSS THE HUMAN LIFE SPAN,"YANG, YC;BOEN, C;GERKEN, K;LI, T;SCHORPP, K;HARRIS, KM",PROC NAT ACAD SCI USA 113 (3): 578-583 JAN 19 2016,62,2016,Medical,0,NA,NA
112,NA,WOS:000372683800004,10.1016/j.landurbplan.2015.12.004,NA,"CONTRIBUTION OF TREES AND GRASSLANDS TO THE MITIGATION OF HUMAN HEAT STRESS IN A RESIDENTIAL DISTRICT OF FREIBURG, SOUTHWEST GERMANY","LEE, H;MAYER, H;CHEN, L",LANDSCAPE URBAN PLAN 148: 37-50 APR 2016,62,2016,Non-medical,0,NA,NA
113,42,WOS:000396337900025,10.1377/hlthaff.2016.1231,MEDLINE:28228484,"IN MEXICO, EVIDENCE OF SUSTAINED CONSUMER RESPONSE TWO YEARS AFTER IMPLEMENTING A SUGAR-SWEETENED BEVERAGE TAX","COLCHERO, MA;RIVERA-DOMMARCO, J;POPKIN, BM;NG, SW",HEALTH AFFAIR 36 (3): 564-571 MAR 2017,61,2017,Medical,4,D,NA
114,NA,WOS:000372935000006,10.1097/MLR.0000000000000467,MEDLINE:26595227,RACIAL AND ETHNIC DISPARITIES IN HEALTH CARE ACCESS AND UTILIZATION UNDER THE AFFORDABLE CARE ACT,"CHEN, J;VARGAS-BUSTAMANTE, A;MORTENSEN, K;ORTEGA, AN",MED CARE 54 (2): 140-146 FEB 2016,60,2016,Medical,0,NA,NA
115,NA,WOS:000373935700010,10.1002/sim.6835,MEDLINE:26661904,COMBINING INFORMATION ON MULTIPLE INSTRUMENTAL VARIABLES IN MENDELIAN RANDOMIZATION: COMPARISON OF ALLELE SCORE AND SUMMARIZED DATA METHODS,"BURGESS, S;DUDBRIDGE, F;THOMPSON, SG",STAT MED 35 (11): 1880-1906 MAY 20 2016,60,2016,Medical,0,NA,NA
116,27,WOS:000397494200002,10.1363/psrh.12015,MEDLINE:28094905,"ABORTION INCIDENCE AND SERVICE AVAILABILITY IN THE UNITED STATES, 2014","JONES, RK;JERMAN, J",PERSPECT SEX REPROD HEALTH 49 (1): 17-27 MAR 2017,60,2017,Medical,4,A,NA
117,NA,WOS:000392302800009,10.1007/s10654-016-0224-9,MEDLINE:28070760,THE GENERATION R STUDY: DESIGN AND COHORT UPDATE 2017,"KOOIJMAN, MN;KRUITHOF, CJ;VAN DUIJN, CM;DUIJTS, L;FRANCO, OH;VAN IJZENDOORN, MH;DE JONGSTE, JC;KLAVER, CCW;VAN DER LUGT, A;MACKENBACH, JP;MOLL, HA;PEETERS, RP;RAAT, H;RINGS, EHHM;RIVADENEIRA, F;VAN DER SCHROEFF, MP;STEEGERS, EAP;TIEMEIER, H;UITTERLINDEN, AG;VERHULST, FC;WOLVIUS, E;FELIX, JF;JADDOE, VWV",EUR J EPIDEMIOL 31 (12): 1243-1264 DEC 2016,59,2016,Medical,0,NA,NA
118,NA,WOS:000374973600010,10.1371/journal.pone.0151219,MEDLINE:27115736,GLOBAL ECONOMIC BURDEN OF NOROVIRUS GASTROENTERITIS,"BARTSCH, SM;LOPMAN, BA;OZAWA, S;HALL, AJ;LEE, BY",PLOS ONE 11 (4): - APR 26 2016,57,2016,Medical,0,NA,NA
119,6,WOS:000378676000036,10.1038/nature18315,MEDLINE:27357795,INTERDISCIPLINARY RESEARCH HAS CONSISTENTLY LOWER FUNDING SUCCESS,"BROMHAM, L;DINNAGE, R;HUA, X",NATURE 534 (7609): 684-+ JUN 30 2016,55,2016,Medical,9,NA,C
120,5,WOS:000384801400012,10.1377/hlthaff.2015.1661,MEDLINE:27385238,MEDICAL MARIJUANA LAWS REDUCE PRESCRIPTION MEDICATION USE IN MEDICARE PART D,"BRADFORD, AC;BRADFORD, WD",HEALTH AFFAIR 35 (7): 1230-1236 JUL 2016,54,2016,Medical,1,NA,NA
121,11,WOS:000368247600017,10.1016/j.amepre.2015.07.037,MEDLINE:26497261,"PREVALENCE, PATTERNS, AND PREDICTORS OF YOGA USE RESULTS OF A US NATIONALLY REPRESENTATIVE SURVEY","CRAMER, H;WARD, L;STEEL, A;LAUCHE, R;DOBOS, G;ZHANG, Y",AMER J PREV MED 50 (2): 230-235 FEB 2016,54,2016,Medical,8,NA,NA
122,19,WOS:000374198800005,10.1016/j.ijheh.2016.01.004,MEDLINE:26847410,CORRELATION OF VOLATILE CARBONYL YIELDS EMITTED BY E-CIGARETTES WITH THE TEMPERATURE OF THE HEATING COIL AND THE PERCEIVED SENSORIAL QUALITY OF THE GENERATED VAPOURS,"GEISS, O;BIANCHI, I;BARRERO-MORENO, J",INT J HYG ENVIRON HEALTH 219 (3): 268-277 MAY 2016,54,2016,Medical,8,NA,NA
123,45,WOS:000375221900004,10.1136/tobaccocontrol-2014-052175,MEDLINE:25877377,FLAVOUR CHEMICALS IN ELECTRONIC CIGARETTE FLUIDS,"TIERNEY, PA;KARPINSKI, CD;BROWN, JE;LUO, WT;PANKOW, JF",TOB CONTROL 25 (E1): E10-E15 APR 2016,53,2016,Medical,0,NA,NA
124,NA,WOS:000373863600034,10.1016/j.enpol.2016.02.026,NA,DECOMPOSITION OF INTENSITY OF ENERGY-RELATED CO2 EMISSION IN CHINESE PROVINCES USING THE LMDI METHOD,"ZHANG, W;LI, K;ZHOU, DQ;ZHANG, WR;GAO, H",ENERG POLICY 92: 369-381 MAY 2016,53,2016,Non-medical,0,NA,NA
125,13,WOS:000394634500019,10.1016/j.gloenvcha.2015.06.004,NA,LONG-TERM ECONOMIC GROWTH PROJECTIONS IN THE SHARED SOCIOECONOMIC PATHWAYS,"DELLINK, R;CHATEAU, J;LANZI, E;MAGNE, B",GLOBAL ENVIRON CHANGE 42: 200-214 JAN 2017,52,2017,Non-medical,8,NA,NA
126,NA,WOS:000369694700020,10.1377/hlthaff.2015.1194,MEDLINE:26631494,NATIONAL HEALTH SPENDING IN 2014: FASTER GROWTH DRIVEN BY COVERAGE EXPANSION AND PRESCRIPTION DRUG SPENDING,"MARTIN, AB;HARTMAN, M;BENSON, J;CATLIN, A",HEALTH AFFAIR 35 (1): 150-160 JAN 2016,51,2016,Medical,0,NA,NA
127,55,WOS:000398446400040,10.1123/jpah.2016-0594,MEDLINE:27848745,GLOBAL MATRIX 2.0: REPORT CARD GRADES ON THE PHYSICAL ACTIVITY OF CHILDREN AND YOUTH COMPARING 38 COUNTRIES,"TREMBLAY, MS;BARNES, JD;GONZALEZ, SA;KATZMARZYK, PT;ONYWERA, VO;REILLY, JJ;TOMKINSON, GR",J PHYS ACT HEALTH 13 (11): S343-S366 SUPPL. 2 NOV 2016,51,2016,Medical,1,NA,NA
128,3,WOS:000367861300021,10.1016/j.techfore.2015.02.015,NA,"THE COST OF ADDITIVE MANUFACTURING: MACHINE PRODUCTIVITY, ECONOMIES OF SCALE AND TECHNOLOGY-PUSH","BAUMERS, M;DICKENS, P;TUCK, C;HAGUE, R",TECHNOL FORECAST SOC CHANGE 102: 193-201 JAN 2016,51,2016,Non-medical,4,B E,NA
129,NA,WOS:000382415600001,10.1016/j.worlddev.2015.05.012,NA,THE STATE OF FAMILY FARMS IN THE WORLD,"GRAEUB, BE;CHAPPELL, MJ;WITTMAN, H;LEDERMANN, S;KERR, RB;GEMMILL-HERREN, B",WORLD DEVELOP 87: 1-15 NOV 2016,49,2016,Non-medical,0,NA,NA
130,NA,WOS:000372367600001,10.1016/j.amar.2015.11.002,NA,MULTIVARIATE RANDOM PARAMETERS COLLISION COUNT DATA MODELS WITH SPATIAL HETEROGENEITY,"BARUA, S;EL-BASYOUNY, K;ISLAM, MT",ANAL METHODS ACCID RES 9: 1-15 MAR 2016,49,2016,Non-medical,0,NA,NA
131,16,WOS:000375221900003,10.1136/tobaccocontrol-2015-052447,MEDLINE:26324250,ELECTRONIC CIGARETTE NICOTINE DELIVERY CAN EXCEED THAT OF COMBUSTIBLE CIGARETTES: A PRELIMINARY REPORT,"RAMOA, CP;HILER, MM;SPINDLE, TR;LOPEZ, AA;KARAOGHLANIAN, N;LIPATO, T;BRELAND, AB;SHIHADEH, A;EISSENBERG, T",TOB CONTROL 25 (E1): E6-E9 APR 2016,49,2016,Medical,4,A,NA
132,57,WOS:000368945000010,10.1002/sim.6793,MEDLINE:26619806,STATISTICAL METHODS FOR STUDYING DISEASE SUBTYPE HETEROGENEITY,"WANG, ML;SPIEGELMAN, D;KUCHIBA, A;LOCHHEAD, P;KIM, S;CHAN, AT;POOLE, EM;TAMIMI, R;TWOROGER, SS;GIOVANNUCCI, E;ROSNER, B;OGINO, S",STAT MED 35 (5): 782-800 FEB 28 2016,49,2016,Medical,4,A,NA
133,33,WOS:000382415600002,10.1016/j.worlddev.2015.10.041,NA,"THE NUMBER, SIZE, AND DISTRIBUTION OF FARMS, SMALLHOLDER FARMS, AND FAMILY FARMS WORLDWIDE","LOWDER, SK;SKOET, J;RANEY, T",WORLD DEVELOP 87: 16-29 NOV 2016,49,2016,Non-medical,8,NA,NA
134,NA,WOS:000378325500001,10.1038/srep28551,MEDLINE:27334040,HEALTH BENEFITS FROM NATURE EXPERIENCES DEPEND ON DOSE,"SHANAHAN, DF;BUSH, R;GASTON, KJ;LIN, BB;DEAN, J;BARBER, E;FULLER, RA",SCI REP 6: - JUN 23 2016,47,2016,Medical,0,NA,NA
135,NA,WOS:000371157900003,10.1111/jgs.13866,MEDLINE:26626262,PERSON-CENTERED CARE: A DEFINITION AND ESSENTIAL ELEMENTS,"BRUMMEL-SMITH, K;BUTLER, D;FRIEDER, M;GIBBS, N;HENRY, M;KOONS, E;LOGGERS, E;POROCK, D;REUBEN, DB;SALIBA, D;SCANLON, WJ;TABBUSH, V;TINETTI, M;TUMLINSON, A;VLADECK, BC;KOGAN, AC;MOSQUEDA, L;WILBER, K;GOODWIN, C;LUNDEBJERG, NE;MIKHAILOVICH, A;AIELLO, SE",J AMER GERIAT SOC 64 (1): 15-18 JAN 2016,47,2016,Medical,0,NA,NA
136,NA,WOS:000377528400013,10.1377/hlthaff.2015.1673,MEDLINE:27269021,PRESCRIPTION DRUG MONITORING PROGRAMS ARE ASSOCIATED WITH SUSTAINED REDUCTIONS IN OPIOID PRESCRIBING BY PHYSICIANS,"BAO, YH;PAN, YJ;TAYLOR, A;RADAKRISHNAN, S;LUO, FJ;PINCUS, HA;SCHACKMAN, BR",HEALTH AFFAIR 35 (6): 1045-1051 JUN 2016,47,2016,Medical,0,NA,NA
137,1,WOS:000377725000008,10.1016/j.enpol.2016.03.038,NA,CARBON EMISSION INTENSITY IN ELECTRICITY PRODUCTION: A GLOBAL ANALYSIS,"ANG, BW;SU, B",ENERG POLICY 94: 56-63 JUL 2016,47,2016,Non-medical,9,NA,C
138,NA,WOS:000367972400004,10.1002/sim.6787,MEDLINE:26553135,SAMPLE SIZE CONSIDERATIONS FOR THE EXTERNAL VALIDATION OF A MULTIVARIABLE PROGNOSTIC MODEL: A RESAMPLING STUDY,"COLLINS, GS;OGUNDIMU, EO;ALTMAN, DG",STAT MED 35 (2): 214-226 JAN 30 2016,46,2016,Medical,0,NA,NA
139,NA,WOS:000366845300007,10.1016/j.amepre.2015.05.027,MEDLINE:26277652,"TOKING, VAPING, AND EATING FOR HEALTH OR FUN MARIJUANA USE PATTERNS IN ADULTS, US, 2014","SCHAUER, GL;KING, BA;BUNNELL, RE;PROMOFF, G;MCAFEE, TA",AMER J PREV MED 50 (1): 1-8 JAN 2016,46,2016,Medical,0,NA,NA
140,NA,WOS:000383010200007,10.1016/j.ijhm.2016.06.003,NA,SHARING ECONOMY: A REVIEW AND AGENDA FOR FUTURE RESEARCH,"CHENG, MM",INT J HOSP MANAG 57: 60-70 AUG 2016,46,2016,Non-medical,0,NA,NA
141,NA,WOS:000376273700014,10.1007/s11192-016-1889-2,NA,FACTORS AFFECTING NUMBER OF CITATIONS: A COMPREHENSIVE REVIEW OF THE LITERATURE,"TAHAMTAN, I;AFSHAR, AS;AHAMDZADEH, K",SCIENTOMETRICS 107 (3): 1195-1225 JUN 2016,46,2016,Non-medical,0,NA,NA
142,7,WOS:000373681600045,10.1126/science.aad9713,MEDLINE:27124458,DURABLY REDUCING TRANSPHOBIA: A FIELD EXPERIMENT ON DOOR-TO-DOOR CANVASSING,"BROOCKMAN, D;KALLA, J",SCIENCE 352 (6282): 220-224 APR 8 2016,46,2016,Medical,10,NA,NA
143,NA,WOS:000394634500023,10.1016/j.gloenvcha.2016.06.004,NA,THE MARKER QUANTIFICATION OF THE SHARED SOCIOECONOMIC PATHWAY 2: A MIDDLE-OF-THE-ROAD SCENARIO FOR THE 21ST CENTURY,"FRICKO, O;HAVLIK, P;ROGELJ, J;KLIMONT, Z;GUSTI, M;JOHNSON, N;KOLP, P;STRUBEGGER, M;VALIN, H;AMANN, M;ERMOLIEVA, T;FORSELL, N;HERRERO, M;HEYES, C;KINDERMANN, G;KREY, V;MCCOLLUM, DL;OBERSTEINER, M;PACHAURI, S;RAO, S;SCHMID, E;SCHOEPP, W;RIAHI, K",GLOBAL ENVIRON CHANGE 42: 251-267 JAN 2017,45,2017,Non-medical,0,NA,NA
144,NA,WOS:000394634500024,10.1016/j.gloenvcha.2016.06.009,NA,SSP3: AIM IMPLEMENTATION OF SHARED SOCIOECONOMIC PATHWAYS,"FUJIMORI, S;HASEGAWA, T;MASUI, T;TAKAHASHI, K;HERRAN, DS;DAI, HC;HIJIOKA, Y;KAINUMA, M",GLOBAL ENVIRON CHANGE 42: 268-283 JAN 2017,45,2017,Non-medical,0,NA,NA
145,NA,WOS:000372164300007,10.1007/s11116-014-9567-9,NA,PREDICTING CONSUMERS INTENTION TO ADOPT HYBRID ELECTRIC VEHICLES: USING AN EXTENDED VERSION OF THE THEORY OF PLANNED BEHAVIOR MODEL,"WANG, SY;FAN, J;ZHAO, DT;YANG, S;FU, YG",TRANSPORTATION 43 (1): 123-143 JAN 2016,45,2016,Non-medical,0,NA,NA
146,NA,WOS:000370889700015,10.1016/j.trd.2015.12.002,NA,INCENTIVES FOR PROMOTING BATTERY ELECTRIC VEHICLE (BEV) ADOPTION IN NORWAY,"BJERKAN, KY;NORBECH, TE;NORDTOMME, ME",TRANSP RES PT D-TRANSP ENVIRO 43: 169-180 MAR 2016,45,2016,Non-medical,0,NA,NA
147,31,WOS:000382953100001,10.1177/0013916515578485,NA,WHO LEAVES AND WHO STAYS? A REVIEW AND STATISTICAL META-ANALYSIS OF HURRICANE EVACUATION STUDIES,"HUANG, SK;LINDELL, MK;PRATER, CS",ENVIRON BEHAV 48 (8): 991-1029 OCT 2016,45,2016,Non-medical,1,NA,NA
148,24,WOS:000397287800009,10.1002/wcc.457,NA,CHARACTERIZING HALF-A-DEGREE DIFFERENCE: A REVIEW OF METHODS FOR IDENTIFYING REGIONAL CLIMATE RESPONSES TO GLOBAL WARMING TARGETS,"JAMES, R;WASHINGTON, R;SCHLEUSSNER, CF;ROGELJ, J;CONWAY, D",WILEY INTERDISCIP REV-CLIM CH 8 (2): - MAR-APR 2017,44,2017,Non-medical,0,NA,NA
149,NA,WOS:000389204600018,10.1111/ssqu.12295,NA,THE STANDARDIZED WORLD INCOME INEQUALITY DATABASE,"SOLT, F",SOC SCI QUART 97 (5): 1267-1281 NOV 2016,44,2016,Non-medical,0,NA,NA
150,NA,WOS:000371550300014,10.1016/j.enpol.2016.01.002,NA,ENVIRONMENTAL KUZNETS CURVE IN CHINA: NEW EVIDENCE FROM DYNAMIC PANEL ANALYSIS,"LI, TT;WANG, Y;ZHAO, DT",ENERG POLICY 91: 138-147 APR 2016,44,2016,Non-medical,0,NA,NA
151,NA,WOS:000386204200005,10.1093/poq/nfw006,NA,"FILTER BUBBLES, ECHO CHAMBERS, AND ONLINE NEWS CONSUMPTION","FLAXMAN, S;GOEL, S;RAO, JM",PUBLIC OPIN QUART 80: 298-320 SUPPL. 1 SP. ISS. SI 2016,44,2016,Non-medical,0,NA,NA
152,NA,WOS:000366235100045,10.1016/j.tourman.2015.07.018,NA,ANALYSIS OF THE PERCEIVED VALUE OF ONLINE TOURISM REVIEWS: INFLUENCE OF READABILITY AND REVIEWER CHARACTERISTICS,"FANG, B;YE, Q;KUCUKUSTA, D;LAW, R",TOURISM MANAGE 52: 498-506 FEB 2016,43,2016,Non-medical,0,NA,NA
153,NA,WOS:000384028800004,10.1111/1467-923X.12285,NA,"THE 2016 REFERENDUM, BREXIT AND THE LEFT BEHIND: AN AGGREGATE-LEVEL ANALYSIS OF THE RESULT","GOODWIN, MJ;HEATH, O",POLIT QUART 87 (3): 323-332 JUL-SEP 2016,42,2016,Non-medical,0,NA,NA
154,NA,WOS:000379433700013,10.1016/j.erss.2015.12.016,NA,WHAT DRIVES THE DEVELOPMENT OF COMMUNITY ENERGY IN EUROPE? THE CASE OF WIND POWER COOPERATIVES,"BAUWENS, T;GOTCHEV, B;HOLSTENKAMP, L",ENERGY RES SOC SCI 13: 136-147 MAR 2016,42,2016,Non-medical,0,NA,NA
155,NA,WOS:000371842900007,10.1016/j.jenvp.2015.11.007,NA,SORTING OUT FOOD WASTE BEHAVIOUR: A SURVEY ON THE MOTIVATORS AND BARRIERS OF SELF-REPORTED AMOUNTS OF FOOD WASTE IN HOUSEHOLDS,"VISSCHERS, VHM;WICKLI, N;SIEGRIST, M",J ENVIRON PSYCHOL 45: 66-78 MAR 2016,42,2016,Non-medical,0,NA,NA
156,15,WOS:000383247300002,10.1080/00139157.2016.1208995,NA,THE POLITICAL DIVIDE ON CLIMATE CHANGE: PARTISAN POLARIZATION WIDENS IN THE US,"DUNLAP, RE;MCCRIGHT, AM;YAROSH, JH",ENVIRONMENT 58 (5): 4-23 SEP-OCT 2016,42,2016,Non-medical,4,D,NA
157,2,WOS:000377132200010,10.1080/10705511.2015.1049698,NA,RELATING LATENT CLASS MEMBERSHIP TO CONTINUOUS DISTAL OUTCOMES: IMPROVING THE LTB APPROACH AND A MODIFIED THREE-STEP IMPLEMENTATION,"BAKK, Z;OBERSKI, DL;VERMUNT, JK",STRUCT EQU MODELING 23 (2): 278-289 2016,42,2016,Non-medical,9,NA,B D E G
158,NA,WOS:000394634500026,10.1016/j.gloenvcha.2016.05.015,NA,FOSSIL-FUELED DEVELOPMENT (SSP5): AN ENERGY AND RESOURCE INTENSIVE SCENARIO FOR THE 21ST CENTURY,"KRIEGLER, E;BAUER, N;POPP, A;HUMPENODER, F;LEIMBACH, M;STREFLER, J;BAUMSTARK, L;BODIRSKY, BL;HILAIRE, J;KLEIN, D;MOURATIADOU, I;WEINDL, I;BERTRAM, C;DIETRICH, JP;LUDERER, G;PEHL, M;PIETZCKER, R;PIONTEK, F;LOTZE-CAMPEN, H;BIEWALD, A;BONSCH, M;GIANNOUSAKIS, A;KREIDENWEIS, U;MULLER, C;ROLINSKI, S;SCHULTES, A;SCHWANITZ, J;STEVANOVIC, M;CALVIN, K;EMMERLING, J;FUJIMORI, S;EDENHOFER, O",GLOBAL ENVIRON CHANGE 42: 297-315 JAN 2017,41,2017,Non-medical,0,NA,NA
159,NA,WOS:000382949100008,10.1177/0022343316663032,NA,"ORGANIZED VIOLENCE, 1989-2015","MELANDER, E;PETTERSSON, T;THEMNER, L",J PEACE RES 53 (5): 727-742 SEP 2016,41,2016,Non-medical,0,NA,NA
160,NA,WOS:000394634500029,10.1016/j.gloenvcha.2016.05.012,NA,FUTURE AIR POLLUTION IN THE SHARED SOCIO-ECONOMIC PATHWAYS,"RAO, S;KLIMONT, Z;SMITH, SJ;VAN DINGENEN, R;DENTENER, F;BOUWMAN, L;RIAHI, K;AMANN, M;BODIRSKY, BL;VAN VUUREN, DP;REIS, LA;CALVIN, K;DROUET, L;FRICKO, O;FUJIMORI, S;GERNAAT, D;HAVLIK, P;HARMSEN, M;HASEGAWA, T;HEYES, C;HILAIRE, J;LUDERER, G;MASUI, T;STEHFEST, E;STREFLER, J;VAN DER SLUIS, S;TAVONI, M",GLOBAL ENVIRON CHANGE 42: 346-358 JAN 2017,40,2017,Non-medical,0,NA,NA